"ID","SCORE","RAW_SENTENCE","FLAT_PARSE","VECTOR","NUM_TOKENS_VECTORIZED","WHICH_TOKENS_VECTORIZED"
"@ArpitJain_","87.75","no one showed up on my complain. since sm1 else from society complained it got resolved. why this??","DT_no NN_one VBD_showed RP_up IN_on PRP$_my VBP_complain ._. IN_since NN_sm1 RB_else IN_from NN_society VBD_complained PRP_it VBD_got VBN_resolved ._. WRB_why DT_this NN_??","[0.019600734, -0.13933145, -0.27642313, 0.0640426, -0.09021681, 0.40808606, 0.07318125, 0.18632297, 0.04066045, -0.2515101, -0.35112655, -0.088301904, 0.10759809, 0.038074736, 0.21231718, -0.015589447, 0.1378818, 0.027554104, 0.10410481, 0.12272269, 0.28781268, 0.030618452, 0.47666988, -0.45374686, -0.10192181, -0.13972048, -0.19393751, -0.070769824, -0.27121902, 0.1425696, 0.22912076, 0.11845688, 0.0026420795, -0.115585275, 0.103599615, 0.11185371, -0.1858675, -0.22424255, 0.18770711, 0.10482473, 0.198402, 0.21443205, -0.13835987, -0.06472184, -0.044426676, 0.0653217, 0.088758625, -0.09711336, 0.010156832, 0.22507675, -0.01801589, 0.06809567, 0.06824732, -0.3788895, 0.13314766, -0.23401251, -0.042242203, 0.123705044, 0.10828116, 0.1513264, -0.23300627, -0.13818285, -0.14000121, 0.02771575, -0.38481537, 0.34191272, 0.08546162, -0.15083253, 0.31227466, -0.21286118, 0.039565984, -0.105542764, 0.04379745, 0.08869614, -0.09205398, -0.19460858, -0.21325463, -0.16525151, -0.14632285, -0.10869912, -0.094588235, 0.09786474, -0.2575233, -0.3340208, -0.006908988, 0.07031067, 0.06510124, -0.09833408, 0.18060565, 0.23942922, 0.08012921, 0.26618987, -0.03462067, 0.32161662, 0.24057794, 0.06633567, -0.18307413, -0.06643574, 0.21176377, -0.122297056, 0.13778806, 0.059118424, -0.20880431, 0.059626184, -0.21448897, 0.03585698, -0.22503558, 0.10999503, -0.057641093, -0.054153573, -0.12387683, 0.339145, -0.23876323, 0.27110383, -0.062573835, -0.1889213, 0.14808269, 0.08869976, -0.19453116, 0.20016319, -0.105717845, -0.042339657, -0.08616709, -0.09043136, 0.29618067, 0.10986995, 0.06840673, 0.10482105, 0.14686833, 0.054283295, 0.030893916, 0.1589326, 0.24925198, -0.24338491, 0.23737113, 0.005035773, 0.035780888, -0.016513743, 0.18058312, 0.11540106, -0.1711256, 0.21559702, -0.110101, -2.0731612E-4, -0.004914168, -0.06562835, 0.30343097, 0.28511834, -0.04911836, 0.02061019, -0.15729873, 0.008447547, -0.21994922, -0.19202635, 0.107765645, 0.07011885, -0.35172886, 0.011745304, -0.16925737, 0.14863382, -0.16819581, -0.13872166, -0.053572886, -0.30321708, 0.24883968, 0.15475029, 0.14520007, 0.09563141, 0.13935871, 0.07236729, -0.08724445, 0.035453532, 0.14794911, -0.03954124, -0.06231435, -0.0060654557, -0.26016513, 0.20512813, 0.1372258, 0.016893877, -0.1598934, -0.075678445, 0.16114743, -0.32083872, 0.1937027, -0.2515008, -0.172663, 0.0128300795, -0.06376443, 0.08704664, -0.2509755, 0.036275383, -0.04713367, -0.02665859, 0.09731009, 0.31831828, -0.09528471, 0.15993422, 0.2223586, 0.02388523]","4"," IN_on IN_since IN_from NN_society"
"@ArpitJain_","87.75","what a refreshing atarangi yaari song n thrilling trailer!!","WP_what DT_a JJ_refreshing NN_atarangi NN_yaari NN_song NN_n VBG_thrilling NN_trailer IN_!!","[-1.2267839, 0.09096088, -0.6892915, -0.9804049, 0.1984661, 0.58959866, -0.8132207, -0.6294186, -0.72734195, -0.7731523, -0.91473776, -0.5658641, 0.9130081, 0.1540443, -0.6934117, -1.4642236, 0.43783885, -0.18493608, -0.38831848, 0.27305216, 0.7036287, -0.102711625, 1.169732, -0.07435579, -0.7444003, -0.17004247, -1.0058429, 0.1366012, 0.8464778, -0.31601533, -0.14996529, -0.29222906, -0.49353957, 0.0929599, 0.9971575, 2.2137184, -1.6356398, -0.91365373, 0.26506525, -1.7756585, 1.266898, 0.46174282, -0.48017257, -0.71203804, 0.31572124, -0.44237006, 0.9066733, -0.6464128, -0.13520059, 0.3376045, -0.24202798, -0.21354535, -0.10728111, -0.10603634, 0.20651725, -0.6756107, -1.388611, -0.245944, 0.0040237284, -0.36639065, 0.088918254, 0.7841414, -0.7892267, 0.286704, -0.37782016, 0.43541694, 0.40193206, 0.4282074, 0.6743512, -1.0987113, 0.45606926, -0.1890276, -0.14485958, 0.59172624, -0.80461496, -0.6569341, -0.782433, 1.1217363, -0.74806774, -9.1732905E-4, 0.5959862, 0.17737405, 0.038714796, 0.21373291, -0.9001499, 0.087218896, 1.4672341, 1.089274, 0.407256, 1.0461899, 0.43640906, 0.39912194, -0.3184293, -0.023997342, -0.5290455, -1.2814592, 0.691548, 0.8264178, 0.6187793, 0.8442668, 1.415191, -0.09125196, -0.120230995, -1.1224786, 0.5258195, -0.044509567, -1.07822, -0.24093567, 0.38964733, 0.120980285, -0.30948567, 0.68236554, -0.5314473, -0.02345778, -0.3320962, -0.655009, 0.6789527, -0.62326884, 0.16544418, -0.27086905, -0.2835572, 0.311945, -1.5133655, 0.86415917, 1.7782103, 0.15230724, -0.25777712, 0.63439107, 0.6397758, -0.41555688, -0.1328909, 0.54318243, -0.38970205, 0.64836615, -0.3221301, -0.058017217, -1.1819249, -1.2710023, 0.7446111, 0.41124094, 0.692799, 0.6723534, -0.22172719, -0.47682673, -0.78639436, -0.85947055, -0.38804236, 0.551992, -1.5976363, -0.017903658, -0.47577178, -0.80709773, -0.3278005, 1.8058327, 0.66900396, 0.2185993, 0.8256162, -0.3028879, -0.16971637, 0.4008446, -0.3491509, 0.32865927, 0.4782418, -0.7086514, 0.15457018, -0.70115334, 0.41573402, -1.278757, -0.24268101, -0.7378465, -1.7979611, 2.1563776, 0.7351556, 0.5404633, -0.18801701, 0.20852639, -0.24684137, 0.06263378, -0.14420983, 0.3289921, 0.31815034, 0.69427973, 0.6608358, 1.4425038, 0.6646121, -1.232812, 0.74552876, -0.19674973, -0.72938144, 0.6284437, 0.05428889, 1.4183624, -0.8159155, 0.98274344, 1.1521494, 0.85827243, 0.60428476, -0.05100219, 0.24618222, 1.0402482]","2"," NN_song NN_trailer"
"@ArpitJain_","87.75","somebody came and fixed since many ppl complained. next time will tweet before calling customer care.. thanks!!","NN_somebody VBD_came CC_and VBN_fixed IN_since JJ_many NN_ppl VBD_complained ._. JJ_next NN_time MD_will VB_tweet IN_before VBG_calling NN_customer NN_care ._. ._. NNS_thanks IN_!!","[0.01723473, 0.005992899, -0.026253415, -0.038501635, 0.023622038, 0.09221425, -0.041062072, 0.015252777, -0.02132199, -0.066318475, 0.009549578, -0.056559645, 0.026317969, 0.0106511405, 0.057352617, 0.030855441, 0.051399622, -0.054735247, 0.015746677, 0.0524967, 0.03159525, 6.217343E-4, 0.058158074, -0.06355339, -0.055441163, -0.077478126, -0.09300134, -0.045146734, -0.020711618, 0.05175864, 0.040301308, 0.032002054, 0.046727046, -0.03049106, 0.052066736, 0.021017455, -0.049582053, -0.08656609, -0.04195598, -0.007244586, 0.089401275, 0.08172248, -0.01556132, -0.022299051, -0.045398522, 0.04553451, -0.021584019, -0.033440575, 0.030357251, 0.063580126, 0.019860683, 0.055621352, 0.016268518, -0.053591795, -2.0439224E-4, -0.044330593, -0.03950887, 0.009365234, 0.010527064, 0.021733755, -0.05739232, -0.03755523, 0.005379247, 0.03506516, -0.038795676, 0.07458375, 0.023729887, -0.038285743, 0.009221685, -0.0773047, 0.024488728, -0.038599577, -0.023149244, -0.035131946, 0.011289154, -0.015731351, -0.05126497, -0.0391974, -0.039993916, -0.029413944, 0.02845027, -0.022026239, -0.0015441638, -0.020704081, -0.03382059, 0.030159095, 0.064668305, 0.03444434, 0.10971764, 0.057848647, 0.021049872, 0.071615726, 0.06267646, -0.016375495, 0.0373796, -0.022404725, 0.010675055, -0.008764483, 0.042788785, 0.0030015775, 0.080426954, 0.012601401, -0.0153753115, -0.025292637, 0.021690533, 0.010269738, -0.049041178, 0.01764819, 0.016373044, 0.015391137, 0.028429845, 0.0678472, 0.0021033909, 0.038133763, -0.03942397, -0.055392165, -0.032670885, -0.014941671, 0.0035299738, 0.032818127, 0.0666843, 0.009349688, -0.022164037, -0.01701302, 0.034507077, 0.0062771076, 0.0032186653, 0.04760469, 0.022314373, 0.038107254, -0.006381453, 0.045402393, 0.0097005125, -0.027970508, 0.035131544, 0.034270495, 0.013121682, -0.039808065, 0.07860339, -0.011096976, -0.021369278, 0.057018165, 0.0049497834, -0.030877553, -0.006653938, 0.035676837, 0.059578173, 0.074629635, -0.02089034, -0.036704227, -0.054943644, 0.015756091, -0.012722439, -0.0022070052, 0.015351232, 0.11032955, -0.08401526, -0.008210301, -0.057157014, -0.03132473, 0.035463993, 0.022493081, 0.011045635, -0.016908467, 0.06599357, 0.04655652, 0.021570541, -0.001994664, 0.016173402, -0.02741664, -0.043867815, 0.04939654, 0.050473697, -0.012190773, -0.011155905, 7.895504E-5, -0.058585953, 0.062560625, 0.056833714, -0.040919855, 0.008358554, 3.7581168E-4, 0.0509809, -0.04860049, 0.024647402, -0.066058084, 0.03660204, 0.022216938, -0.011583185, -0.008834836, -0.049461517, 0.0278899, -0.029178062, 0.024784917, 0.05272294, 0.07915103, 0.03723511, 0.018826148, -0.04034172, 0.057627555]","8"," NN_somebody IN_since JJ_many JJ_next NN_time IN_before NN_customer NN_care"
"@ArpitJain_","87.75","tried contacting sky yday as service was disrupted in society for a full day. no one showed up yet thnx to customer (no)care.","VBD_tried VBG_contacting NN_sky NN_yday IN_as NN_service VBD_was VBN_disrupted IN_in NN_society IN_for DT_a JJ_full NN_day ._. DT_no NN_one VBD_showed RP_up RB_yet NN_thnx TO_to NN_customer -LRB-_-LRB- DT_no -RRB-_-RRB- NN_care ._.","[0.023155175, -0.017883748, -0.009518316, 0.023839453, 0.10383034, 0.25436488, 0.007910925, 0.025813, 0.013863688, -0.07331081, -0.054655384, -0.036661614, 0.024558496, 0.038501024, 0.10786845, 0.028549533, 0.046104766, -6.058814E-4, 0.070231944, 0.03269566, 0.014619204, 0.033434708, 0.15711261, -0.12524085, -0.08243599, -0.16458899, -0.17402461, -0.021286182, -0.056461647, 0.048926547, 0.07787316, 0.02101379, 0.016996374, -0.10649143, 0.055220187, 0.1084307, -0.101501346, -0.03291476, 0.032765444, 0.026064007, 0.12882408, 0.24157764, -0.077608995, -0.15456891, -0.09174099, 0.025814047, -0.021670578, -0.082070254, -0.0054849847, 0.05302028, -0.0731344, 0.036681306, 0.08859944, -0.11429394, -0.027667835, -0.10031517, -0.07738741, 0.04551804, -0.055599704, 0.08090458, -0.124802664, -0.007987577, -0.078887336, 0.02864696, -0.16616334, 0.097815484, 0.010265902, -0.07653051, 0.11044594, -0.13637383, 0.028438222, -0.12549274, -0.016576957, -0.051834352, -0.06059999, -0.005551926, -0.06568828, -0.060946956, -0.12226575, -0.08110853, -0.04797836, -0.067623354, -0.015551909, 0.07619405, -0.052839298, 0.059320666, 0.13590892, 0.0041167745, 0.08966593, 0.053542927, 0.058896475, 0.132205, 0.005497547, 0.017745536, 0.0823728, 0.041481476, -0.05990484, -0.07965646, 0.10898112, -0.067852326, 0.16514657, -0.015991108, -0.058793157, -0.046496592, -0.05284552, -0.072919235, -0.08165821, -0.011014933, -0.0683421, 0.070223615, -0.016424425, 0.17130426, -0.041442662, 0.06903945, -0.027135475, -0.04026457, 0.07088925, -0.035819344, 0.076432064, 0.09067981, 0.003775284, 0.009317736, -0.08249213, -0.03122497, 0.13142747, 0.10073004, 0.03932664, 0.035759684, 0.015258587, -0.035793945, -0.02992625, 0.057963178, 0.0049356483, -0.083603926, 0.06189391, 0.046058875, -0.019153193, -0.0010938426, 0.11923933, -0.05424397, -0.13261005, 0.17908977, 0.09559, -0.031901218, -0.08210838, 0.08545789, 0.20690261, 0.17187601, -0.06551355, 0.014121745, -0.11501151, 0.032821294, -0.12746921, -0.015194673, 0.067035235, 0.19295669, -0.15970041, -0.08014165, -0.06720523, -0.012131805, 0.01840734, -0.006805275, -0.008005521, 0.06630713, 0.10982302, 0.04837958, 0.06313572, 0.031038478, 0.071050055, 0.03880165, -0.03869736, 0.07950888, -0.016016008, 0.020522889, -0.0062433174, 3.4619085E-4, -0.03243135, 0.01676768, -0.017379446, 0.042516258, -0.005965936, 0.017005373, 0.12408783, -0.17453608, 0.06360649, -0.046433903, 0.058004364, 0.027680669, -0.021247711, 0.015573516, -0.007486982, 0.031987406, -0.07926193, 0.036371388, 0.098308034, 0.09674523, -0.07329484, 0.07620671, -0.07897511, 0.046130452]","8"," IN_as NN_service IN_in NN_society IN_for JJ_full NN_customer NN_care"
"@ArpitJain_","87.75","blue jeans network is looking for: api platform software engineerhttps://","JJ_blue NNS_jeans NN_network VBZ_is VBG_looking IN_for :_: NN_api NN_platform NN_software NNS_engineerhttps :_: :_/ :_/","[0.08665845, -0.031905085, 0.060438413, -0.037257794, 0.057412677, 0.065638535, -0.0124423, -0.055368323, 0.012278814, -0.074488066, 0.08789674, -0.06827643, 0.042555638, 0.08795838, 0.11104172, -0.00705337, 0.11195357, 0.046373736, -0.011364715, 0.03699556, 0.13418412, 0.09126908, 0.10979708, -0.17123921, -0.009816146, -0.060616273, -0.08550785, -0.0063782195, 0.0031092404, -0.046371203, 0.10859453, 0.018454634, -0.053751286, -0.04322271, 0.1263701, 0.11580333, -0.13699123, -0.05032122, -0.017032545, 0.04823241, 0.17679797, 0.12049307, -0.09738128, -0.10496986, -0.07621341, 0.051131226, 0.078994334, -0.11161115, 0.047258347, 0.03276571, -0.04828901, -0.047408305, 0.13898596, -0.044404205, -0.16260934, -0.10745446, -0.047027834, 0.05442333, 0.07605164, -0.054613527, -0.019500561, 0.034324907, -0.06102091, -0.015098353, -0.06407793, 0.10296288, 0.004475396, -0.08281448, 0.0059513836, -0.12728658, 0.022237813, -0.2245578, 0.043174826, 0.04418118, -0.13081098, -0.019460982, -0.05325563, 0.077637605, -0.09373899, -0.14612636, -0.0026373565, -0.06342253, -0.1556026, 0.008694679, -0.053313483, 0.072391525, 0.08810112, 0.097237185, 0.104398765, 0.0047701364, 0.0824083, 0.040607817, 0.03517365, 0.04847099, 0.09397266, -0.021331945, -0.03450333, -0.039395105, 0.011611766, -0.039425164, 0.11333225, 0.07022353, -0.0981859, 0.0097045405, -0.10398303, -0.12820755, -0.1786619, 0.008481316, 0.012567607, 0.0160459, -0.08384657, 0.08932858, 0.014707374, 0.06943701, -0.059660736, -0.12850888, 0.05855773, -0.019409876, -0.046542622, 0.08344329, 0.0017542781, 0.15352032, 0.0010697047, 0.032688007, 0.074272096, 0.14004041, 0.007008721, 0.085550435, 0.063592054, -0.028497284, -0.041305292, 0.011558981, 0.039160464, -0.013693672, 0.07257208, -0.08038637, -0.021706106, 0.09058444, 0.009865704, -0.010858602, -0.09585501, 0.11335343, -0.01661368, -0.07368794, -0.03449098, -0.0430672, 0.1466698, 0.17856053, -0.064109854, -0.06622336, -0.051674258, 0.0422711, -0.111885265, 0.098491065, -0.10248439, 0.1554715, -0.016795436, -0.08453697, -0.05485989, -0.048177004, 0.01656674, 0.041802607, 0.058480356, -0.00213328, 0.013605591, -0.02510898, 0.015884243, 0.10451931, 0.0043626465, 0.116409555, -0.16716924, 0.14727119, -0.0074496446, 0.108529836, 0.037629932, -0.049911678, 0.04085703, -0.052236065, 0.015423727, 0.08246662, 0.034622848, 0.035889816, 0.1136973, -0.0996569, -0.0015400917, 0.004264204, 0.114939444, 0.07323866, -0.053060904, 0.0634464, -0.024726102, 0.05772183, -0.05300057, 0.020173125, 0.068470344, 0.08431212, -0.08383811, -0.030439284, -0.052753, 0.03853399]","5"," JJ_blue NN_network IN_for NN_platform NN_software"
"@ArpitJain_","87.75","blue jeans network is looking for: enterprise solutions engineerhttps://","JJ_blue NNS_jeans NN_network VBZ_is VBG_looking IN_for :_: NN_enterprise NNS_solutions NNS_engineerhttps :_: :_/ :_/","[0.09758775, 0.040558547, 0.11421371, 0.015465031, 0.058846015, 0.12811787, 0.0033797147, -0.015628839, -0.0057490445, -0.02309875, 0.05460948, -0.118001685, 0.05928871, 0.061575063, 0.08774229, 0.012566827, 0.102604285, 0.055327605, -0.010622377, 0.0026590156, 0.07042734, 0.09571222, 0.1086033, -0.14786083, -0.042355083, -0.12507723, -0.036398914, -0.048244428, -9.198499E-4, -0.07394068, 0.1390517, -0.02749072, -0.08103665, -0.04646376, 0.091984116, 0.13517831, -0.13045439, -0.009146929, 0.04071733, 0.060060415, 0.157469, 0.16185267, -0.03870699, -0.1353753, -0.08224658, 0.07151759, 0.04586643, -0.15118733, -0.040477436, 0.04055053, -0.019732261, -0.056093287, 0.1887289, -0.027001148, -0.2112971, -0.11532564, -0.03759064, 0.060333245, 0.018829525, 0.03942791, -0.04441446, 0.027317986, -0.07286343, 0.038912285, -0.016795646, 0.12386411, -0.016413458, -0.07200934, 0.06312069, -0.06552161, 0.014457633, -0.21609016, 0.033784192, 0.058201727, -0.13128252, 0.032950602, -0.059568357, 0.060881883, -0.05239796, -0.114947535, -0.037063424, -0.11387358, -0.1378428, -0.002709417, -0.03895457, 0.07169728, 0.070304565, 0.12337617, 0.05407523, 0.02376701, 0.06895925, 0.010008548, -0.027150696, 0.07537688, 0.056827344, -0.04262022, -0.084876426, -0.052193772, 0.105629385, -0.06503503, 0.08991026, 0.11353791, -0.082972676, 0.039047346, -0.12566622, -0.12351258, -0.17682758, 0.05213265, -0.04737274, -0.01683613, 0.05975858, 0.098488875, -0.0058721616, 0.12723644, -0.0646951, -0.11377187, 0.06594572, -0.051042404, -0.026807597, 0.090055816, 0.03191522, 0.13864024, -0.027408862, -0.025803085, 0.06521337, 0.068528526, 0.0058249785, 0.0785191, 0.0044207415, -0.010899481, -0.0017289098, -2.243142E-4, 0.002840544, -0.07475825, 0.020263609, 0.0021152108, 0.018118948, 0.078153715, -0.00469239, -0.053080138, -0.11462384, 0.08424023, 0.050259855, -0.067353666, 0.011182363, -0.0444336, 0.17885591, 0.1490947, -0.04204039, 0.025516655, -0.06824392, 0.104772404, -0.0999851, 0.05108214, -0.003685453, 0.17436232, -0.10627677, -0.16045046, -0.08199577, -0.028897455, 0.02033289, 0.03850207, 0.00813103, -0.0043055816, 0.036515944, 0.0030601195, 0.020178936, 0.028649252, 0.04074124, 0.07290028, -0.07639536, 0.077041425, -0.027642306, 0.06581532, -0.034061525, -0.09740839, -0.044154648, -0.029882569, -0.013635466, 0.020868773, 0.021939239, 0.02360737, 0.097642586, -0.08648919, -0.01861704, 0.012519593, 0.10517833, 0.07152015, -0.075430796, 0.06258389, 0.015636504, 0.07770715, -0.021304889, 0.04793118, 0.14310232, 0.10010767, -0.068854555, -0.013914989, -0.09942516, 0.059016917]","4"," JJ_blue NN_network IN_for NN_enterprise"
"@ArpitJain_","87.75","bluejeans at b'lore jw marriott hotel bengaluru","NNS_bluejeans IN_at NN_b ``_` NN_lore NN_jw NN_marriott NN_hotel NN_bengaluru","[0.11586885, 0.012313853, 0.053611524, -0.068929225, -0.031500015, -0.07715838, 0.051776495, -0.19970185, 0.32550222, 0.10534482, 0.21393849, 0.18042088, 0.18559578, 0.0062631667, -0.15901637, 0.0025471395, -0.114456095, 0.12691616, 0.013792804, -0.09682291, 0.06749595, 0.1025862, -0.2388226, 0.105157346, 0.10421522, 0.1442854, 0.3004456, 0.1947797, 0.257863, 0.01626769, -0.108920746, -0.017912159, -0.23079978, 0.23675296, -0.06850074, -0.13257948, 0.089152016, 0.06996905, -0.08057671, -0.03126893, -0.2469304, -0.2952171, 0.19901036, -0.0037488528, 0.19200535, 0.03646153, -0.25718346, 0.0549065, 0.19979309, -0.13745397, -0.1716854, -0.17786987, 0.03600189, 0.13668315, 0.12711021, 0.17562313, 0.21430407, 0.018982522, 0.004700407, -0.41296113, 0.025335494, 0.18781824, 0.3320811, 0.016167324, 0.16538145, -0.25285202, 0.20068492, -0.09908988, 0.12828891, 0.1280928, 0.030339424, 0.24329667, -0.04270999, -0.10091889, 0.13613415, 0.20123279, 0.09025737, -0.011304357, -0.0072985156, -0.023823777, -0.033020787, 0.055266913, -0.004636884, -0.08639146, 0.09298261, -0.10295888, -0.05617895, -0.10720442, -0.29021457, -0.14716402, -0.19188589, -0.15055281, -0.11651274, -0.08491493, 0.016985511, 0.2824688, 0.06555852, -0.16294037, 0.041980296, -0.11233634, -0.39788553, 0.17738385, -0.0902446, 0.22126819, -0.014744053, 0.16722655, 0.26175952, -0.049560882, 0.0090430835, 0.16330753, -0.09775196, -0.08420276, -0.039328713, -0.2610128, -0.07033085, 0.20668194, -0.112787366, 0.23173457, -0.2935396, -0.1870029, -0.026388073, 0.113226525, -0.02816199, 0.21907762, -0.19059943, -0.12802546, 0.086464435, -0.29439718, -0.01023352, -0.026274633, -0.057062864, 0.04573443, -0.32134822, 0.08615612, -0.12409053, 0.08112158, 0.059234932, -4.5359175E-4, -0.034550067, -0.08331711, 0.41210583, -0.118025035, -0.04331399, 0.01997221, 0.05577329, -0.14145961, -0.3266904, -0.07801397, 0.23371421, -0.05381996, 0.037177198, -0.16127405, -0.030268032, 0.032551266, 0.07935514, -0.16067995, 0.2107009, 0.17545106, 0.070208654, 0.19664913, 0.22768709, 0.13647269, 0.16129752, -0.011583256, -0.17132741, -0.119856775, 0.11690492, 0.041486368, 0.037070125, -0.092359245, 0.16368832, -0.035230607, -0.186014, 0.13957717, 0.014150903, 0.19560584, 0.3266111, -0.055679314, -0.09059879, 0.16660728, -0.2522281, -0.02325223, 0.042249605, 0.07555362, -0.19499052, -0.023405636, -0.12835936, 0.1591417, 0.1078395, -0.1438928, -0.029149134, -0.042728182, 0.21206583, -0.027828671, -0.072605774, -0.3653083, 0.084688485, -0.043851595, -0.030912466, -0.15764712]","4"," IN_at NN_lore NN_marriott NN_hotel"
"@ArpitJain_","87.75","blue jeans network is looking for: full stack software engineerhttps://","JJ_blue NNS_jeans NN_network VBZ_is VBG_looking IN_for :_: JJ_full VBP_stack NN_software NNS_engineerhttps :_: :_/ :_/","[0.028541122, -0.0015100215, 0.040555824, -0.014527802, 0.041410696, 0.05134349, -0.0029956002, -0.013994852, 0.0023978804, -0.07211223, 0.055169195, -0.035159115, 0.052390385, 0.033211995, 0.06501344, 0.016410671, 0.057457898, 0.014283905, -0.005072571, -0.013283604, 0.05149509, 0.064801835, 0.069162525, -0.09659744, -0.028912216, -0.07316797, -0.05756516, -0.0074768136, -0.019275581, -0.031502295, 0.052659273, -0.027490236, -0.0378601, -5.5362785E-4, 0.059473682, 0.081836306, -0.0695526, -0.019022703, 0.044141088, 0.035084996, 0.091252945, 0.07188222, -0.05122778, -0.08163075, -0.038631637, 0.026805297, 0.038262557, -0.048610076, 0.018778557, 0.02238696, -0.031895384, -0.015301945, 0.081353955, -0.032045253, -0.087924905, -0.059580866, -0.019505482, 0.03469232, 0.006126941, -0.0027513797, -0.02962429, 0.015247439, -0.05480544, 0.00572454, -0.022000523, 0.07552202, -0.011086222, -0.04546534, 0.035706043, -0.08492684, -0.004189161, -0.105423234, 0.021616284, 0.01413255, -0.08296859, 0.011315349, -0.018188553, 0.059413217, -0.07798073, -0.080261126, -0.0051082233, -0.07409495, -0.0606554, 0.024766423, -0.031876627, 0.05330899, 0.052757144, 0.05940653, 0.052760422, -0.00421162, 0.039847676, 0.029278357, 0.046448696, 0.019158997, 0.075159214, 0.009768216, -0.025939053, -0.025676895, 0.044264305, -0.049398977, 0.08774674, 0.038775366, -0.06289023, 0.013739701, -0.07762622, -0.050949432, -0.101723894, 0.015527113, -0.009270355, 0.028373936, -0.0075826067, 0.044871457, -0.012420436, 0.058601897, -0.04246875, -0.0440546, 0.039856162, -0.034989167, 0.0011946452, 0.058986783, -0.016900439, 0.06878173, 0.001035794, 0.01662807, 0.087063886, 0.08645541, -0.016047845, 0.05997637, 0.022057274, -0.02418737, 0.024486827, 0.041683536, 0.028746799, -0.009328606, -0.009566253, -0.0351498, 0.0044251317, 0.036938403, 0.030515142, 8.5037766E-4, -0.075088345, 0.07424644, 0.033064738, -0.020955373, -0.008179608, 0.011238173, 0.07347814, 0.10621112, -0.013163095, -0.0290895, -0.039654013, 0.056491207, -0.04634157, 0.040489126, 0.01675965, 0.12386534, -0.028297056, -0.020760953, -0.029985365, -0.053756546, 0.005442345, 0.03555962, 0.024285339, 0.022565007, 0.023280518, -0.012742999, 0.03298423, 0.057785336, 0.010744689, 0.03087341, -0.10378345, 0.08582116, 0.02256915, 0.056311633, -0.0044862167, -0.010940353, -0.007185128, -0.035689928, -0.0033948154, 0.028615693, -0.0067712553, 0.016370231, 0.071988985, -0.050038762, -0.009914675, -0.003482175, 0.059890803, 0.05880013, -0.024786042, 0.037673164, 0.0027375503, 0.028315304, -0.059968468, 0.022198858, 0.07749797, 0.056147516, -0.03350209, -0.008583228, -0.05619292, -0.013096704]","5"," JJ_blue NN_network IN_for JJ_full NN_software"
"@ArpitJain_","87.75","indori","NN_indori","[]","0",""
"@ArpitJain_","87.75","blue jeans network is looking for: enterprise account manager (sf)","JJ_blue NNS_jeans NN_network VBZ_is VBG_looking IN_for :_: NN_enterprise NN_account NN_manager -LRB-_-LRB- NN_sf -RRB-_-RRB-","[0.039663572, -0.09568315, 0.15774494, -0.07423707, 0.14014114, 0.36251602, 0.007668474, -0.0035269535, -0.11573395, -0.050200004, -0.10210783, -0.17469278, 0.07450045, 0.21046345, 0.18410955, 0.011432637, 0.16190854, 0.07981259, -0.12041261, 0.0218164, 0.25742808, -0.039232988, 0.34697682, -0.19467415, -0.11565734, -0.43761596, -0.28116542, -0.05178349, -0.010932019, -0.18538857, 0.37818503, -0.059132308, -0.059214637, -0.19641137, 0.16605307, 0.21854067, -0.22824527, -0.08886956, 0.0027200156, 0.017106907, 0.41713476, 0.478378, -0.15892749, -0.4171862, -0.374655, 0.20155227, 0.08449083, -0.3440981, -0.04639351, 0.19418177, 0.0321787, -0.00319757, 0.3256112, -0.13404089, -0.58847964, -0.16347374, -0.19963081, 0.14555545, 0.039456967, 0.25916553, -0.08948841, 0.1473976, -0.22059187, 0.17195827, -0.13147163, 0.23791426, 0.012627691, -0.15519546, 0.07172867, -0.2195105, 0.16838884, -0.404749, -0.116837464, 0.10570001, -0.3592977, -0.003786887, -0.13977957, 0.029636541, -0.21211837, -0.31386447, -0.04580431, -0.21495415, -0.22418068, 0.021730702, -0.11963535, 0.21575512, 0.2974508, 0.23390217, 0.1580317, 0.045639813, 0.26824206, 0.16166474, -0.043064337, 0.06081098, 0.19467475, -0.1362216, -0.15291187, -0.26030424, 0.2606112, -0.039819323, 0.19852383, 0.2596056, -0.020219238, 0.021776002, -0.26660842, -0.20588365, -0.3914474, 0.050613895, -0.09828965, -0.008495291, 0.18363687, 0.31813756, -0.07365488, 0.24908173, -0.08398473, -0.39550933, 0.10291929, -0.083208255, 0.030539284, 0.13716839, 0.106454514, 0.3651349, -0.015808906, -0.012551956, 0.12951997, 0.104455926, 0.07211002, 0.14173864, 0.04216167, 0.0049828202, -0.057119064, 0.1264374, 0.008240565, -0.14877224, 0.031480256, -0.022095798, 0.19955206, 0.22006182, 0.06222992, -0.080098145, -0.28127658, 0.30775207, 0.10878873, -0.18991514, 0.036558874, -0.033021923, 0.42751992, 0.33271867, -0.1080392, 0.019489724, -0.15863577, 0.27380538, -0.19305809, -0.009589428, -0.005599291, 0.492599, -0.3434797, -0.31437966, -0.18501505, -0.29075104, 0.12268378, 0.01663442, -0.02806372, -0.08921603, -0.13127601, 0.004898495, 0.084672526, 0.046873324, 0.03257966, 0.17497283, -0.15295154, 0.22569089, -0.14538746, 0.14337143, -0.07580121, -0.17056334, -0.026260674, -0.07839172, 0.023745948, -0.045582622, 0.0204986, -0.12637383, 0.17494677, -0.1130536, 0.038813088, -0.0932794, 0.15764265, 0.19933182, -0.29161257, 0.09487017, 0.12062502, 0.23147164, -0.20438856, 0.08174054, 0.40017205, 0.23735927, -0.18316863, -0.071554266, -0.13667214, 0.2789427]","6"," JJ_blue NN_network IN_for NN_enterprise NN_account NN_manager"
"@ArpitJain_","87.75","do u support 2 numbers in whatsapp for duel sim phones? if not are you planning to?","VB_do FW_u NN_support CD_2 NNS_numbers IN_in NN_whatsapp IN_for NN_duel NN_sim NNS_phones ._? IN_if RB_not VBP_are PRP_you VBG_planning TO_to ._?","[0.048260015, -0.00915122, 0.0042152014, -0.036449146, 0.039936062, 0.15975007, -0.022645365, 0.053798057, 0.031646382, -0.090158895, -0.0430539, -0.050110668, 0.061404288, 0.06267232, 0.032253258, 0.03422292, 0.022511115, 0.022122676, 0.035818506, 0.00307184, -0.041804224, 0.054352704, 0.07719881, -0.022758536, -0.012523513, -0.1182544, -0.102753974, -0.01599614, -0.0077633895, 0.04835051, 0.0071207434, 0.04279095, 0.013808034, -0.039521273, 0.12001694, 0.06536908, -0.02566004, -0.07686603, -0.027288154, -0.017156849, 0.018319614, 0.05000772, -0.07199342, -0.06473388, -0.04476171, 0.018952219, -0.012358282, -0.04328136, 0.021132572, 0.039433863, -0.04684206, 0.0063524693, 0.034062672, -0.0414439, -0.02078699, -0.049613252, -0.015357197, -0.0024270858, -0.02907222, -0.0061365734, -0.08147746, -0.057776805, -0.024455335, -0.035081487, -0.03174811, 0.08370441, 0.022269432, -0.027956633, 0.038025945, -0.073595494, -0.0010003439, -0.09017569, 0.028290424, -0.0498998, -0.012707854, 0.0044016303, -0.036908653, -0.03621459, -0.0926595, -0.043508887, 0.08258758, -0.024060393, -0.0039849007, -0.020601185, 0.013314554, 0.041444495, -0.011920195, 0.08192984, 0.075092025, 0.053332075, 0.07065008, 0.056756347, 0.015418215, 0.052340124, 0.048232004, -0.020648198, 0.036323838, -0.046681646, 0.07763265, -0.016580535, 0.13281766, 0.020292437, -0.0907446, 0.055164266, -0.004904009, -0.03221779, -0.044935033, -0.002728504, -0.060684156, 0.052157655, 0.0118718, 0.065386, -0.03015015, 0.07236307, -0.07337877, -0.018780718, -0.030014994, -0.025860215, 0.0018760014, 0.033169407, 0.059338566, 0.06334024, 0.013466494, -0.019830156, 0.0751168, 0.00873785, -0.008166492, -0.005824319, -0.0020226587, -0.029793743, -0.0111409165, 0.09904529, 0.017423492, -0.08909126, 0.014229258, -0.008728646, -0.042490683, 0.023849664, 0.06955577, -0.013094236, -0.07819722, 0.13756816, -0.037979994, -0.03075271, -0.011302723, -0.0071671535, 0.11454036, 0.13461532, -0.03598881, -0.0081630945, -0.0028952954, 0.004864098, -0.06453736, 0.018867344, 0.011118511, 0.094631806, -0.05753712, -0.03162144, -0.015261035, 0.030394882, 0.03933941, 0.043177303, 0.0581172, -0.0350026, 0.10145438, -0.017535081, 0.03022912, -0.021607824, 0.044833403, -0.023181744, -0.012887616, 0.035720788, -0.01647176, 0.036139376, -0.059105307, -0.029527197, -0.019140884, 0.04986274, 0.031735707, -0.020773694, 0.04262882, 0.0387633, 0.076390915, -0.0035612395, 0.04433192, -0.047543485, -8.7754754E-4, 0.042273197, -0.013617632, 9.968271E-5, -0.052028745, 0.008328494, -0.0077810925, 0.030110694, 0.0074609476, 0.042710222, 0.01540582, 0.02298219, -0.0015915155, 0.06799337]","6"," VB_do NN_support IN_in IN_for NN_duel IN_if"
"@ArpitJain_","87.75","blue jeans network is looking for: resiliency &amp; performance engineerhttps://","JJ_blue NNS_jeans NN_network VBZ_is VBG_looking IN_for :_: NN_resiliency CC_& NN_performance NNS_engineerhttps :_: :_/ :_/","[-0.02345413, 0.021205822, 0.043944247, -0.0045823227, 0.03169939, 0.09469198, 0.032553837, 0.018753478, 0.017418088, -0.041669, 0.017918076, -0.02731595, 0.05773731, 0.049357474, 0.06793846, -7.4629235E-4, 0.09463827, 0.010128209, 0.0069878506, 0.047675207, -0.0013095011, 0.06665324, 0.052998807, -0.08649323, 0.0031219795, -0.025296954, -0.03241611, -0.0074369865, 0.024946257, 0.020654125, 0.054695353, 0.0010877997, -0.049095523, -0.03405483, 0.07900815, 0.092650615, -0.02299036, -0.06345903, 0.005704216, 0.037900485, 0.06355281, 0.0677478, -0.0058172876, -0.10324375, -0.034734342, 0.046423458, 0.015169341, -0.04801419, -0.055847887, 0.011096871, 0.0043342425, -0.0064750216, 0.07671734, -0.042506617, -0.0820732, -0.09491268, -0.029403234, -0.0016461429, -0.017762944, 0.013706087, 0.013446381, 0.011847255, -0.007231003, 0.0255779, 0.004793198, 0.0587136, -0.015437318, -0.025836585, 0.018399604, -0.043376815, 0.018358847, -0.13187373, 0.011854082, 0.023332236, -0.019193659, 0.016400553, -0.056389388, 0.057416707, -0.02441382, -0.07276506, -0.015740186, -0.060403645, -0.08533146, 0.040341448, -0.042558175, 0.04726304, 0.069093905, 0.05897925, 0.03983022, 0.05720663, 0.04393343, 0.0018257743, 0.036849823, 0.0048630675, 0.039978772, -0.074100584, -0.029577736, -0.0318979, 0.027908277, -0.06243827, 0.09380393, 0.1053003, -0.06945258, 0.026139073, -0.024393471, -0.006039831, -0.092926905, 0.007566976, -0.005959345, -0.027761456, -0.014903091, 0.05112592, 0.0045666676, 0.02634619, -0.062254008, -0.043082602, 0.021276334, -0.032766074, -0.0037022599, 0.018001648, 0.016275441, 0.06984054, -0.010798627, -0.026683412, 0.06144372, 0.039673828, -0.0067802584, 0.019326607, 0.019098245, -0.004997694, -0.01500916, 0.06943638, 0.040589962, -0.030982474, 0.043160625, -0.04351489, 0.023704294, 0.028576752, 0.020521391, -0.02296879, -0.055089705, 0.06599515, -0.007172517, 7.430857E-4, 0.017993854, -0.0044372818, 0.1274833, 0.055515677, -0.088838845, 0.023797344, 0.001492229, 0.0414319, -0.087854795, 0.02403674, 0.047446486, 0.06339351, -0.042556994, -0.047244653, 0.002242911, -0.024205925, 0.019734848, 7.64383E-4, 0.019595042, -0.0022957188, 0.02610722, -0.018964708, -0.0030596494, 0.010438452, 0.046181, 0.01028638, -0.051324222, 0.07873861, -0.05579043, 0.05739845, -0.021805825, -0.048596416, -0.00876531, -0.021187672, -0.04062377, -0.0038793373, 0.009839715, 0.004915599, 0.061998844, 0.027883902, -0.0018889102, -0.020975323, 0.045518856, 0.045016494, -0.0010277099, 0.038884856, 0.0014300371, 0.07388361, -0.0053916043, 0.049921345, 0.041958205, 0.040986393, -0.023245664, -0.0070509417, -0.07945577, -0.008830507]","5"," JJ_blue NN_network IN_for NN_resiliency NN_performance"
"@ArpitJain_","87.75","just reserved my invite! check it out","RB_just VBN_reserved PRP$_my VB_invite ._! VB_check PRP_it RP_out","[-0.030524306, -0.010632918, 0.011968439, -0.016178451, -0.030362172, 0.104505226, -0.038293112, 0.05922099, -0.029639356, -0.049927093, 0.04165461, 0.0132323485, -0.010556751, 0.01744352, 0.07302215, 0.021314979, 0.033458587, 0.007862674, -0.00820143, 0.017609317, 0.030089889, -0.023659704, 0.04466824, -0.0013034064, 0.01586437, -0.07791706, -0.010678571, -0.0070642685, 0.009918954, 0.022287888, -0.013614162, -0.011282961, 0.04895391, -0.023691686, 0.02121372, 0.04205024, -0.032116447, 0.014706859, -0.029375194, -0.002751892, 0.05575116, 0.0435109, -0.028204698, -0.010133999, -0.0018204744, 0.044766407, 0.009977814, -0.010821277, 0.023745216, 0.0057935216, -0.001674073, 0.032838274, 0.012065609, -0.025309533, 0.028439192, -0.043171056, -0.011584546, -0.031237323, 0.053235315, 3.6765935E-4, -0.024612837, 0.021187166, -0.016026927, -0.028152516, 0.0064596874, 0.022265736, -0.045871682, 0.03500059, -0.047982946, -0.01619812, 0.012036381, -0.017001787, -0.045182828, 0.044083044, -0.039127804, 0.008754524, -0.046734773, -0.005277508, -0.044122376, -0.012745635, 0.061158475, -0.017993089, 0.04454134, -0.017300274, -0.033045813, 0.014637484, 0.025679357, 0.031830307, 0.07046059, 0.011811927, -0.0041324464, 0.033324145, 0.074683174, -0.022839213, 0.02680689, -0.018595265, -0.03060242, -0.009503052, -0.0033061185, -0.01630495, 0.016340638, -0.029588435, 0.043904904, 0.0025082473, -0.017636161, -0.015107241, 0.01161685, 0.029968522, -0.03150799, -0.02846127, 0.007954352, 0.05815822, -0.023347875, 0.04844602, -0.045540843, -0.023779524, 0.016764432, -0.02986273, 0.030054184, 0.0019938292, 0.024197655, -0.0024153767, -0.009124716, 0.051386412, 0.045320485, -0.022361169, 0.013083498, -0.0063848253, -0.009040985, 0.009771445, 5.6196604E-4, 0.043462534, 0.01572794, 0.016200991, -0.0025357516, 0.009669083, -0.040192302, -0.010840068, 0.033256885, 0.010873043, -0.037668422, 0.049558584, 0.044648185, -0.03442641, 0.0069713583, 0.018963186, 0.03004106, 0.061477184, 0.02744914, -0.04493068, 0.030337928, 0.015987197, 0.0017272682, -0.05946192, 0.016116608, 0.02686327, 0.034314413, 0.004151687, -0.06819787, -0.0117203, 0.050816707, -0.0037531883, 0.009055715, -0.004723375, 0.013756865, 0.020371208, 0.01789782, 0.0032489153, 0.0072081564, -0.023622913, -0.018452901, 0.023042675, 0.011401023, 0.0026776334, -0.0018682705, -0.013321553, -0.012677013, 0.045069423, -0.01800224, -0.037948053, 0.039509825, -0.02036716, 0.035909023, 0.023990024, 0.035168592, 0.03395259, -0.039214976, 3.5321838E-4, 0.015803955, -0.007412569, -0.0148237385, 0.019046929, -0.0065163905, 0.07011548, 0.018852258, 0.030098237, -0.004786043, 0.018806044, 0.024700938, 0.029070327]","2"," VB_invite VB_check"
"@ArpitJain_","87.75","just reserved my invite! check it out","RB_just VBN_reserved PRP$_my VB_invite ._! VB_check PRP_it RP_out","[-0.030524306, -0.010632918, 0.011968439, -0.016178451, -0.030362172, 0.104505226, -0.038293112, 0.05922099, -0.029639356, -0.049927093, 0.04165461, 0.0132323485, -0.010556751, 0.01744352, 0.07302215, 0.021314979, 0.033458587, 0.007862674, -0.00820143, 0.017609317, 0.030089889, -0.023659704, 0.04466824, -0.0013034064, 0.01586437, -0.07791706, -0.010678571, -0.0070642685, 0.009918954, 0.022287888, -0.013614162, -0.011282961, 0.04895391, -0.023691686, 0.02121372, 0.04205024, -0.032116447, 0.014706859, -0.029375194, -0.002751892, 0.05575116, 0.0435109, -0.028204698, -0.010133999, -0.0018204744, 0.044766407, 0.009977814, -0.010821277, 0.023745216, 0.0057935216, -0.001674073, 0.032838274, 0.012065609, -0.025309533, 0.028439192, -0.043171056, -0.011584546, -0.031237323, 0.053235315, 3.6765935E-4, -0.024612837, 0.021187166, -0.016026927, -0.028152516, 0.0064596874, 0.022265736, -0.045871682, 0.03500059, -0.047982946, -0.01619812, 0.012036381, -0.017001787, -0.045182828, 0.044083044, -0.039127804, 0.008754524, -0.046734773, -0.005277508, -0.044122376, -0.012745635, 0.061158475, -0.017993089, 0.04454134, -0.017300274, -0.033045813, 0.014637484, 0.025679357, 0.031830307, 0.07046059, 0.011811927, -0.0041324464, 0.033324145, 0.074683174, -0.022839213, 0.02680689, -0.018595265, -0.03060242, -0.009503052, -0.0033061185, -0.01630495, 0.016340638, -0.029588435, 0.043904904, 0.0025082473, -0.017636161, -0.015107241, 0.01161685, 0.029968522, -0.03150799, -0.02846127, 0.007954352, 0.05815822, -0.023347875, 0.04844602, -0.045540843, -0.023779524, 0.016764432, -0.02986273, 0.030054184, 0.0019938292, 0.024197655, -0.0024153767, -0.009124716, 0.051386412, 0.045320485, -0.022361169, 0.013083498, -0.0063848253, -0.009040985, 0.009771445, 5.6196604E-4, 0.043462534, 0.01572794, 0.016200991, -0.0025357516, 0.009669083, -0.040192302, -0.010840068, 0.033256885, 0.010873043, -0.037668422, 0.049558584, 0.044648185, -0.03442641, 0.0069713583, 0.018963186, 0.03004106, 0.061477184, 0.02744914, -0.04493068, 0.030337928, 0.015987197, 0.0017272682, -0.05946192, 0.016116608, 0.02686327, 0.034314413, 0.004151687, -0.06819787, -0.0117203, 0.050816707, -0.0037531883, 0.009055715, -0.004723375, 0.013756865, 0.020371208, 0.01789782, 0.0032489153, 0.0072081564, -0.023622913, -0.018452901, 0.023042675, 0.011401023, 0.0026776334, -0.0018682705, -0.013321553, -0.012677013, 0.045069423, -0.01800224, -0.037948053, 0.039509825, -0.02036716, 0.035909023, 0.023990024, 0.035168592, 0.03395259, -0.039214976, 3.5321838E-4, 0.015803955, -0.007412569, -0.0148237385, 0.019046929, -0.0065163905, 0.07011548, 0.018852258, 0.030098237, -0.004786043, 0.018806044, 0.024700938, 0.029070327]","2"," VB_invite VB_check"
"@ArpitJain_","87.75","blue jeans network is looking for: account executive (mv)d","JJ_blue NNS_jeans NN_network VBZ_is VBG_looking IN_for :_: NN_account NN_executive -LRB-_-LRB- NN_mv -RRB-_-RRB- NN_d","[-0.03755968, -0.04024737, 0.14819041, 0.10893592, 0.15442605, 0.38023183, -0.014883041, -0.03750993, -0.047284678, -0.21793433, -0.05491422, -0.20257005, 0.031874113, 0.19377002, 0.16329499, 0.046825998, 0.2187389, -0.034966353, -0.08178885, 0.033675704, 0.33690047, 0.022813719, 0.26100197, -0.30605978, -0.034510233, -0.2956035, -0.33319145, -0.20025189, -0.11202493, -0.07782013, 0.44275424, -0.13610265, -0.12165733, -0.15200283, 0.01782246, 0.21797584, -0.19968417, -0.028444208, -0.0132246, -0.0073362757, 0.30052367, 0.4815095, -0.32825267, -0.29167527, -0.3119889, 0.24944995, -0.11238248, -0.36420527, 0.110960364, 0.16560294, -0.020599663, -0.02405024, 0.40269017, -0.2484622, -0.52054113, -0.1785148, -0.19832744, -0.006252445, 0.11112405, 0.2368837, -0.13289642, 0.07533643, -0.1445652, -0.0010450886, -0.17345293, 0.28991476, 0.119745456, -0.20724927, 0.014125608, -0.36961666, 0.042178866, -0.34260866, -0.058554392, 0.13433778, -0.2707687, -0.06934363, -0.2525732, 0.08523728, -0.24264064, -0.33962455, -0.15934998, -0.18390687, -0.23134543, 0.12011667, -0.19703041, 0.30567074, 0.32712156, 0.14822192, 0.10418639, 0.2271622, 0.34928173, 0.1918125, -0.08158333, 0.10328288, 0.26772344, -0.35697487, -0.14469157, -0.16149673, 0.25750414, -0.11575101, 0.22911018, 0.22705816, -0.10984021, 0.08506869, -0.25899485, -0.19836515, -0.2816118, 0.02462307, -0.08241699, -0.065835804, 0.06845761, 0.3150082, -0.042413156, 0.2670171, -0.099564075, -0.4798204, 0.047091655, -0.15496315, 0.028713169, 0.09249006, 0.040527064, 0.38032994, 0.20596668, -0.07300976, 0.37086213, 0.21867047, 0.06393915, 0.08143938, -0.052084945, 0.1147397, -0.10967753, 0.13895911, -0.05220944, -0.15875494, 0.004794391, -0.07981511, 0.35947272, 0.1269813, 0.07530221, 0.10420542, -0.2225957, 0.30896202, 0.11902526, -0.16452697, 0.0063069058, -0.039871294, 0.33617467, 0.2983448, -0.12635335, 0.05454514, -0.21502712, 0.24657507, -0.16135491, -0.019917108, -0.03463525, 0.4696566, -0.112919785, -0.2757936, -0.1848547, -0.1883508, 0.03348577, 0.005382269, 0.117172346, -0.13750482, -0.06901151, 0.0025324237, 0.11424706, 0.13329147, -0.15013553, 0.19835705, -0.16422531, 0.20371063, -0.07415578, 0.11024696, 0.012403912, -0.11842243, -0.044104688, -0.0043782587, -0.025726898, -0.032501876, -0.01975789, 0.00897647, 0.056140237, -0.03257712, 0.10113059, -0.12389382, 0.12853013, 0.20519172, -0.15617119, 0.07982253, 0.05526142, 0.25013897, -0.15798274, 0.017315699, 0.31159225, 0.33153802, -0.1382775, 0.0054926528, -0.07688234, 0.20786639]","5"," JJ_blue NN_network IN_for NN_account NN_executive"
"@ArpitJain_","87.75","blue jeans network is looking for: sales account manager (oc)","JJ_blue NNS_jeans NN_network VBZ_is VBG_looking IN_for :_: NNS_sales VBP_account NN_manager -LRB-_-LRB- NN_oc -RRB-_-RRB-","[0.048520446, -0.04997185, 0.071637645, -0.016121175, 0.06097287, 0.17106943, -0.0014762335, 0.031912267, -0.011092629, -0.070090316, 0.048245385, -0.116614155, 0.060652148, 0.12834744, 0.093889706, 0.04804633, 0.15207857, 0.026085254, 0.015219183, -0.028436854, 0.109224774, 0.06824588, 0.16691722, -0.19146676, -0.05900336, -0.17961486, -0.22297458, -0.018352823, -0.026730718, -0.10232509, 0.11004068, -0.062436517, -0.085642464, -0.029092902, 0.1196399, 0.14284821, -0.12617272, -0.07170805, 0.07800865, 0.02653059, 0.12923704, 0.16795589, -0.0745631, -0.1693768, -0.13866314, 0.08356197, 0.027901469, -0.12785791, -0.034200445, 0.036807053, -0.009875335, -0.004667155, 0.21685527, -0.09113602, -0.24040622, -0.11190938, -0.062298138, 0.039683428, 0.03964471, 0.15343592, -0.019283378, 0.07224891, -0.06124858, 0.029159434, -0.043536793, 0.13849236, 0.017619686, -0.035056915, -0.014067511, -0.04337106, 0.10705513, -0.22891454, -0.004084277, -0.0021354165, -0.10966021, 0.01289416, -0.10494535, 0.048899837, -0.049186543, -0.2298979, 0.015662888, -0.14201795, -0.13194671, 0.026104014, -0.018820977, 0.087058544, 0.061485734, 0.090070106, 0.10123089, 0.040125143, 0.18298325, 0.043059774, 0.05824394, -0.010895303, 0.12986569, -0.07817562, -0.111085735, -0.086452365, 0.07920223, -0.06138717, 0.076191045, 0.13331354, -0.07032136, 0.03867771, -0.091998644, -0.072550744, -0.23126444, 0.052957565, 0.001740089, 0.013123596, -0.019585647, 0.16499285, -0.07684212, 0.098115616, -0.086915605, -0.104305334, 0.11457337, -0.07382085, 0.017726319, 0.124018066, -0.008372006, 0.2360302, 0.008791789, 0.057670053, 0.14367837, 0.105312414, 0.018585145, 0.034006767, 0.0056578307, 0.05386556, 0.01359762, 0.055675782, 0.03596348, -0.05873598, 0.10511853, -0.056814343, 0.03180178, 0.035142105, 0.0038412868, -0.0050128987, -0.11145716, 0.21713096, 0.08056637, -0.11520381, 0.052397612, -0.073296465, 0.20487419, 0.16886397, -0.08776324, 0.0024671752, -0.083611935, 0.1268327, -0.11360282, 0.079970196, -0.0072889673, 0.18650927, -0.17354041, -0.12779078, -0.03340262, -0.16255431, 0.032474894, 0.011734192, 0.013033498, 0.0011976509, -0.05833485, 0.022717193, 0.09541562, 0.072382495, -0.014931552, 0.09508029, -0.061534762, 0.16686225, -0.05749771, 0.08496187, -0.05318771, -0.17844814, -0.018624207, -0.033958603, -0.014344275, -0.03185881, 0.032199975, -0.030111248, 0.07313141, -0.01566119, 0.036178477, -0.060734496, 0.13255167, 0.092232525, -0.116119824, 0.018050611, 0.019784912, 0.08653555, -0.10260057, 0.032643616, 0.11711861, 0.06494801, -0.1256934, -0.033479538, -0.093025126, 0.050953627]","4"," JJ_blue NN_network IN_for NN_manager"
"@ArpitJain_","87.75","blue jeans network is looking for: senior customer support engineerhttps://","JJ_blue NNS_jeans NN_network VBZ_is VBG_looking IN_for :_: JJ_senior NN_customer NN_support NNS_engineerhttps :_: :_/ :_/","[0.041152332, -0.0068138028, 0.09822293, -0.019506969, 0.051829062, 0.11090588, -0.033342756, 0.014882697, 0.073180795, -0.056364913, 0.030358477, -0.085487194, 0.04290977, 0.08512514, 0.13047947, 0.03527788, 0.09284526, 0.030227346, 0.06733257, -0.0035341168, 0.11653622, 0.055379633, 0.10704018, -0.13024344, -0.042964403, -0.090861574, -0.15010558, -0.06718032, -0.01656807, -0.026132954, 0.08641366, -0.009202669, -0.05380994, -0.06792292, 0.039756227, 0.13392022, -0.09602532, -0.04028753, 0.024854597, 0.032493092, 0.12072931, 0.11943111, -0.06946106, -0.14156002, -0.03534113, 0.09114215, -0.017431624, -0.09085358, 0.031623796, -0.004998681, -0.048051637, 0.051568273, 0.12536085, -0.018994208, -0.13429786, -0.05489269, -0.11170732, -0.0040292735, 0.019975374, 0.07553682, -0.03160821, -0.002237439, -0.030952338, -0.0023314334, -0.03200367, 0.10936586, 0.040010333, -0.073268585, -0.024344457, -0.10841309, 0.05012096, -0.20105231, -0.03572606, -0.019266631, -0.061397962, -0.025667623, -0.07750629, 0.04563862, -0.071268745, -0.087110646, -0.011279179, -0.121699005, -0.08138429, 0.046125427, -0.11491264, 0.06989547, 0.06748261, 0.09969522, 0.09848703, 0.0788887, 0.033042576, 0.0071393545, 0.092850514, 0.015104256, 0.11161002, -0.04191953, -0.03243721, -0.09358434, 0.02037917, -0.052508067, 0.16448584, 0.10901552, -0.05780471, 0.018299649, -0.0955213, -0.0932699, -0.10550669, -0.030034121, -0.02261586, -0.03646508, -0.029252566, 0.12194732, 0.024058383, 0.09586755, -0.099289276, -0.10096929, 0.09325437, -0.10029674, -0.015315879, 0.048409205, 0.02103576, 0.1463912, -0.03732623, -0.03990851, 0.09987606, 0.11930952, 0.011435469, 0.022354245, 0.010792074, 0.045576934, -0.026575724, 0.031994756, -0.022672052, -0.05360286, 0.026016494, -0.0277376, 0.046735425, 0.0087300455, 0.03219485, -0.027056899, -0.08917363, 0.14729564, 0.056361843, -0.06475414, 0.012175588, -0.0043341806, 0.21361727, 0.13572258, -0.07564326, -0.042212863, -0.03984252, 0.081218965, -0.071352534, 0.0012702323, -0.05537988, 0.17046458, -0.07917001, -0.12063179, -0.09755444, -0.08441842, 0.0799888, 0.02224695, -0.004522623, 0.014865845, 0.06485621, 0.03848236, 0.012159216, 0.085794605, 0.034770317, 0.05426389, -0.05636589, 0.10407678, -0.07978011, 0.09427133, -0.009279004, -0.09615864, -0.0029049285, 0.028327692, 0.024078365, 0.03918532, -0.019776432, 0.04237067, 0.09821225, -0.024490489, 0.05763288, -0.018310517, 0.077812344, 0.063211106, -0.05120117, 0.020619033, -0.06191121, 0.04110796, -0.04782863, 0.03208989, 0.07312179, 0.07089447, -0.06655295, 0.039104264, -0.115372695, 0.11021862]","6"," JJ_blue NN_network IN_for JJ_senior NN_customer NN_support"
"@ArpitJain_","87.75","blue jeans network is looking for: customer success managerhttps://","JJ_blue NNS_jeans NN_network VBZ_is VBG_looking IN_for :_: NN_customer NN_success NNS_managerhttps :_: :_/ :_/","[0.069056496, 0.020310778, 0.037467126, -0.0332551, 0.03259066, 0.1079741, -0.03576509, 0.03874781, 0.0022075716, -0.034285724, 0.03994508, -0.06123783, 0.10562819, 0.057142254, 0.094643965, 0.025382917, 0.08424421, 0.008471391, 0.027804086, 0.014195643, 0.10086437, 0.08428442, 0.070900746, -0.12732798, -0.03928247, -0.042512845, -0.11686444, -0.049201034, 0.010447829, -0.0052819736, 0.07809648, -0.011419685, -0.028469812, -0.092353016, 0.045427658, 0.123187795, -0.077970326, -0.04513116, -0.02434193, 0.024058292, 0.09165902, 0.10506462, -0.06127833, -0.09621018, -0.040989142, 0.019748589, -0.0096318405, -0.11649037, -0.011431798, 0.019203877, -0.024165519, 0.021023592, 0.1327707, -0.02675833, -0.11241629, -0.07056191, -0.077959254, 0.035082597, 0.018257497, 0.06861169, -0.057601817, 0.07139258, -0.053227015, 0.026317671, -0.029327603, 0.05669811, -0.027285634, -0.051551577, -0.0045911833, -0.088321514, 0.033177454, -0.17325471, -0.015475417, 0.002291021, -0.096065626, 0.018094223, -0.041107707, 0.040235512, -0.019056952, -0.06541376, 0.013663002, -0.10695662, -0.06944652, 0.034092255, -0.058560006, 0.05059058, 0.06952524, 0.07162054, 0.079923555, 0.05360245, 0.03030408, 0.008081517, 0.047271434, 0.017483305, 0.075728685, -0.051179934, -0.06787932, -0.04366214, 0.07758915, -0.053903185, 0.11443506, 0.12190994, -0.07979778, 0.037750486, -0.071460135, -0.051990177, -0.08716719, -0.0018551415, -0.010030514, 0.010387017, 0.0051946985, 0.08685543, 0.018438173, 0.08738112, -0.07343637, -0.08740889, 0.07656392, -0.0754976, 0.027340297, 0.009602393, 0.044103064, 0.12639815, -0.012649182, -0.05031998, 0.06601422, 0.087558076, -0.0029757866, 0.02731438, 0.017774526, 0.06364091, -0.042518355, 0.050903313, 0.026300712, -0.009336083, 0.08831841, -0.018000051, 0.055494603, -0.01455661, 0.021050718, -0.02957051, -0.07004222, 0.12077077, -0.0022766222, -0.04906712, -0.03424373, -0.009663861, 0.13287471, 0.097357094, -0.09824397, -0.0042865323, -0.04411628, 0.07650206, -0.029254613, 0.057219103, 0.009704681, 0.12312794, -0.08853382, -0.09233215, -0.078943215, -0.050160315, 0.028451089, 0.013341587, 0.06640551, 0.005685678, 0.0671087, -0.014243535, 0.029846264, 0.0063494975, 0.014276266, 0.061097804, -0.10231115, 0.058815777, -0.02934643, 0.053830434, -0.022319144, -0.09099274, -0.049476445, -0.0030631772, 0.0074778856, 0.013890753, -0.0018302447, 0.02935832, 0.058290284, -8.7160186E-4, 0.029550128, -0.03590027, 0.06703777, 0.08048582, -0.022581419, -0.02202261, 0.009183409, 0.08300007, -0.02800231, 0.038288686, 0.105732284, 0.06371103, -0.05075527, -0.029349962, -0.12021049, 0.067787774]","5"," JJ_blue NN_network IN_for NN_customer NN_success"
"@ArpitJain_","87.75","work anniversary at prestige technology park","NN_work NN_anniversary IN_at NN_prestige NN_technology NN_park","[-0.03836824, -0.060437243, 0.00908987, 0.012101998, 0.010447631, 0.06452616, 0.015623857, 0.06435687, -0.118535005, -0.04327955, -0.08753918, -0.010159571, 0.031977337, -0.04021381, 0.09854573, -0.02182449, 0.04812192, -0.06475229, 7.786365E-4, 0.05588, 0.05416468, 0.026723484, 0.09255536, -0.06751556, -0.037272617, -0.013183217, -0.08672487, -0.054395605, -0.044166833, 0.112738736, 0.10434645, 0.049221143, 0.027833605, -0.12895638, 0.10131877, 0.07710131, -0.08651412, -0.07398511, -0.0068868934, -4.483497E-4, 0.14614818, 0.12772718, -0.10657852, -0.094772205, -0.0023306303, 0.028429316, 0.13381054, 2.756186E-4, 0.00867681, 0.027017245, 0.010914281, 0.037056528, 0.010039468, -0.091808766, -0.037870128, -0.060092185, -0.040526584, 0.028993895, -0.060486764, 0.061561238, -0.05310107, 0.014625864, -0.04792869, 0.025530389, -0.016670307, 0.11940182, -0.06020458, 0.035512827, 0.12091021, -0.089038745, -0.010579777, -0.13681325, -0.03655476, 0.006216039, -0.01258861, -0.03285602, -0.13030265, -0.0035718721, -0.08489733, -0.058722273, -0.03611494, 0.046517435, -0.040761095, -0.008299254, -0.08019003, 0.104691714, 0.09232209, 0.038363397, 0.09618682, 0.047109798, 0.04086795, 0.06948146, 0.043870844, 0.02543403, 0.049801182, -0.02286688, -0.043345988, 0.0034154882, 0.022890173, -0.022460729, 0.17073657, 0.033937473, -0.10390664, -0.015305687, 0.047303464, 0.044766475, -0.09944702, -0.039754685, -0.047986984, -0.046057206, -0.0032860222, 0.061304174, 0.013536425, 0.038899057, 0.057575237, -0.0041698664, 0.049016234, 0.011207311, 0.02879376, 0.1288053, -0.0025838574, 0.037786607, -0.046559565, -0.10913175, 0.07555257, 0.022786295, -0.021593858, 0.14042163, -0.0071905963, 0.0022159733, -0.025387468, 0.012921574, 0.056096874, -0.014585217, 0.05688897, -0.045993786, -0.011928579, -0.012751762, 0.090508014, 0.004778859, -0.07587992, 0.03803349, -0.004350566, -0.0041667437, 0.010573571, 0.05504083, 0.0859071, 0.033915237, -0.054813858, 0.060979407, -0.01578043, 0.036745068, -0.059521247, 0.055207737, -0.0075178216, 0.0668834, -0.12653139, -0.034065202, -0.06128778, 0.009959813, -0.013658455, 0.0069005606, 0.02183875, 0.004820481, 0.040561337, -0.00994794, 0.09495924, 0.009211138, -0.0034325912, 0.07335286, -0.08890815, 0.021089733, -0.042400833, 0.008848836, -0.012319411, -0.023278806, -0.053622633, 0.055592135, 0.06580936, -0.012519195, -0.04667539, -0.028999828, 0.08848428, -0.002267719, 0.016922452, -0.041194104, -0.0067070574, 0.022023778, -0.054153558, 0.03128926, 0.035728756, -0.016582847, -0.032519072, 0.08834019, -0.040317647, 0.105179384, 0.056915313, 0.039689444, -0.032392766, 0.0630317]","6"," NN_work NN_anniversary IN_at NN_prestige NN_technology NN_park"
"@ArpitJain_","87.75","work anniversary at prestige technology park","NN_work NN_anniversary IN_at NN_prestige NN_technology NN_park","[-0.03836824, -0.060437243, 0.00908987, 0.012101998, 0.010447631, 0.06452616, 0.015623857, 0.06435687, -0.118535005, -0.04327955, -0.08753918, -0.010159571, 0.031977337, -0.04021381, 0.09854573, -0.02182449, 0.04812192, -0.06475229, 7.786365E-4, 0.05588, 0.05416468, 0.026723484, 0.09255536, -0.06751556, -0.037272617, -0.013183217, -0.08672487, -0.054395605, -0.044166833, 0.112738736, 0.10434645, 0.049221143, 0.027833605, -0.12895638, 0.10131877, 0.07710131, -0.08651412, -0.07398511, -0.0068868934, -4.483497E-4, 0.14614818, 0.12772718, -0.10657852, -0.094772205, -0.0023306303, 0.028429316, 0.13381054, 2.756186E-4, 0.00867681, 0.027017245, 0.010914281, 0.037056528, 0.010039468, -0.091808766, -0.037870128, -0.060092185, -0.040526584, 0.028993895, -0.060486764, 0.061561238, -0.05310107, 0.014625864, -0.04792869, 0.025530389, -0.016670307, 0.11940182, -0.06020458, 0.035512827, 0.12091021, -0.089038745, -0.010579777, -0.13681325, -0.03655476, 0.006216039, -0.01258861, -0.03285602, -0.13030265, -0.0035718721, -0.08489733, -0.058722273, -0.03611494, 0.046517435, -0.040761095, -0.008299254, -0.08019003, 0.104691714, 0.09232209, 0.038363397, 0.09618682, 0.047109798, 0.04086795, 0.06948146, 0.043870844, 0.02543403, 0.049801182, -0.02286688, -0.043345988, 0.0034154882, 0.022890173, -0.022460729, 0.17073657, 0.033937473, -0.10390664, -0.015305687, 0.047303464, 0.044766475, -0.09944702, -0.039754685, -0.047986984, -0.046057206, -0.0032860222, 0.061304174, 0.013536425, 0.038899057, 0.057575237, -0.0041698664, 0.049016234, 0.011207311, 0.02879376, 0.1288053, -0.0025838574, 0.037786607, -0.046559565, -0.10913175, 0.07555257, 0.022786295, -0.021593858, 0.14042163, -0.0071905963, 0.0022159733, -0.025387468, 0.012921574, 0.056096874, -0.014585217, 0.05688897, -0.045993786, -0.011928579, -0.012751762, 0.090508014, 0.004778859, -0.07587992, 0.03803349, -0.004350566, -0.0041667437, 0.010573571, 0.05504083, 0.0859071, 0.033915237, -0.054813858, 0.060979407, -0.01578043, 0.036745068, -0.059521247, 0.055207737, -0.0075178216, 0.0668834, -0.12653139, -0.034065202, -0.06128778, 0.009959813, -0.013658455, 0.0069005606, 0.02183875, 0.004820481, 0.040561337, -0.00994794, 0.09495924, 0.009211138, -0.0034325912, 0.07335286, -0.08890815, 0.021089733, -0.042400833, 0.008848836, -0.012319411, -0.023278806, -0.053622633, 0.055592135, 0.06580936, -0.012519195, -0.04667539, -0.028999828, 0.08848428, -0.002267719, 0.016922452, -0.041194104, -0.0067070574, 0.022023778, -0.054153558, 0.03128926, 0.035728756, -0.016582847, -0.032519072, 0.08834019, -0.040317647, 0.105179384, 0.056915313, 0.039689444, -0.032392766, 0.0630317]","6"," NN_work NN_anniversary IN_at NN_prestige NN_technology NN_park"
"@ArpitJain_","87.75","blue jeans network raises series e round funding to bring video conferencing beyond the office !! ://","JJ_blue NNS_jeans NN_network VBZ_raises NN_series SYM_e NN_round NN_funding TO_to VB_bring NN_video NN_conferencing IN_beyond DT_the NN_office NN_!! :_: :_/ :_/","[0.054861322, 0.005867815, 0.024007604, -0.04171992, 0.0028526788, 0.09283463, -0.029180204, 0.065416485, -0.013282816, -0.026596323, 0.017798591, -0.0312998, 0.0066369423, 0.038612198, 0.059758883, -0.02048252, 0.038907763, -0.014687843, 0.005647299, 0.003988452, 0.07324232, 0.047822878, 0.08903785, -0.064766124, -0.020915758, -0.06160599, -0.09194917, -0.016553374, 0.029809706, 0.006691713, 0.07510175, 0.021380601, -2.8395117E-4, -0.06673214, 0.094452314, 0.09727903, -0.085290015, -0.051110536, 0.01802806, 0.015427954, 0.11504134, 0.07830977, -0.028886905, -0.10642387, -0.025024666, 0.021079428, 0.012156757, -0.06666971, -0.008626904, 0.027904939, 0.007144351, 0.056340307, 0.08546359, -0.06190196, -0.11204014, -0.06603213, -0.076413564, -0.01506851, 0.021698402, -0.0045442795, -0.0020819968, 0.013306329, -0.013568885, -0.007153665, -0.061814293, 0.08541871, 0.003582917, -0.04020486, 0.021893566, -0.097929806, 0.037038427, -0.09794188, -0.0030749652, 0.022692265, -0.07005899, 0.024159849, -0.063348524, 0.004093601, -0.069253564, -0.017690921, -0.018567596, -0.032552246, -0.056317084, 5.18852E-4, -0.06825564, 0.09282451, 0.062952854, 0.04445949, 0.114591174, 0.028108737, 0.03194893, 0.033853706, 0.027308853, 0.071001835, 0.027596738, -0.048726443, -0.023726912, 0.03352295, 0.090840556, 0.0080674635, 0.09669354, 0.04151435, 0.014918247, -0.02978054, -0.031659007, -0.059666425, -0.11765569, -0.013524128, -0.06319295, 0.004372884, -0.025984032, 0.057220615, -0.059236392, 0.08494738, -0.041433856, -0.026877763, 0.04862489, 0.010657669, -0.04518562, 0.023101307, -0.0014405863, 0.021689333, 0.012159381, -0.021385813, 0.124098755, 0.016159866, -0.019479614, 0.024347005, 0.048497107, -0.009785089, -0.06326984, 0.017060103, 0.0058218855, -0.042256333, -5.0425006E-4, -0.06970005, -0.03262828, 0.006921184, 0.052278582, -4.473499E-4, -0.037979707, 0.08772571, 0.025633408, 0.009218688, 0.004437788, -0.0037393577, 0.09453808, 0.08536424, -0.045915224, 0.0071049863, -0.0031112987, 0.0631425, -0.090005636, 0.021700585, -0.0420679, 0.10195349, -0.051023986, -0.10872413, -0.030223953, -0.023887755, -0.017381324, 0.0128887575, 0.060532805, -0.01672047, 0.08330786, -2.869215E-4, 0.03833195, 0.026037833, 0.023537805, 0.001344686, -0.08523637, 0.064006604, -0.0066058864, 0.043938898, -0.028578326, 0.037686516, -0.050353166, 0.023154775, 0.08185598, -0.03384672, 0.020444198, -0.021732606, 0.022662766, 0.06580986, 0.09063696, -0.058873467, 0.09389702, 0.07647216, -0.020597316, 0.014855784, -0.026833354, 0.